{"cameraMode":{"drawMode":0,"name":"Shaded","section":"Shading Mode"},"sceneLighting":true,"audioPlay":false,"sceneViewState":{"showFog":true,"showMaterialUpdate":false,"showSkybox":true,"showFlares":true,"showImageEffects":true,"showParticleSystems":true},"in2DMode":false,"pivot":{"x":4.43909215927124,"y":-14.324615478515625,"z":-4.9399237632751469},"rotation":{"x":-0.15043504536151887,"y":-0.8343618512153626,"z":0.2763076722621918,"w":-0.4528766870498657},"size":28.087854385375978,"orthographic":false}